name,gender,phone,email,address,account_id
Merola Adrienne,Female,214-154-1628,madrienne0@mit.edu,8 Gerald Street,1
Lorena Baddam,Female,403-414-7883,lbaddam1@ebay.com,78193 Vernon Center,2
Archibaldo Dabnor,Male,571-439-7129,adabnor2@comsenz.com,31080 Norway Maple Park,3
Noby Van der Linde,Male,884-504-0475,nvan3@behance.net,346 Mitchell Hill,4
Brinna Oselton,Female,642-321-4198,boselton4@cisco.com,53961 Erie Drive,5
Duff Drewery,Male,149-276-3474,ddrewery5@skype.com,943 Troy Street,6
Susanetta Withull,Female,761-794-5028,swithull6@europa.eu,5717 Vera Street,7
Corissa Gossling,Female,982-229-8928,cgossling7@npr.org,7 Myrtle Way,8
Kaila Sperrett,Female,145-964-1316,ksperrett8@sina.com.cn,288 Claremont Trail,9
Glynis Barneville,Female,820-227-7151,gbarneville9@multiply.com,58863 Amoth Pass,10
Allen Miall,Male,409-170-2128,amialla@hostgator.com,572 Merchant Hill,11
Adelina Daldry,Female,825-790-7255,adaldryb@printfriendly.com,624 Arapahoe Parkway,12
Babita Gabb,Female,445-753-2277,bgabbc@cdbaby.com,13 Warner Avenue,13
Roselia Nano,Female,253-231-3121,rnanod@google.co.jp,0 Weeping Birch Circle,14
Griselda Salvatore,Female,492-576-1072,gsalvatoree@wp.com,07869 Marquette Place,15
Alfy Attridge,Male,692-143-4744,aattridgef@reference.com,20956 Katie Hill,16
Ali Pellamont,Male,967-978-3063,apellamontg@columbia.edu,355 Colorado Center,17
Latia Husthwaite,Female,975-832-3475,lhusthwaiteh@pen.io,44328 Stang Point,18
Mellisent Gavrielli,Female,683-339-7030,mgavriellii@fc2.com,9066 Algoma Lane,19
Lucy Rouff,Female,258-563-3842,lrouffj@yelp.com,2460 Fieldstone Avenue,20
Consolata Veque,Female,674-694-3181,cvequek@twitpic.com,80794 Parkside Way,21
Farrah Badman,Female,956-558-7516,fbadmanl@webmd.com,6 Pennsylvania Terrace,22
Ranice Calverd,Female,355-991-5153,rcalverdm@go.com,9 4th Circle,23
Chick Corker,Male,385-680-3674,ccorkern@imageshack.us,633 Pine View Court,24
Sarena Greggs,Female,788-264-6265,sgreggso@nbcnews.com,742 Shoshone Junction,25
Kaye Greenhead,Female,904-910-2800,kgreenheadp@sfgate.com,19 Park Meadow Junction,26
Darnell Burnage,Male,167-277-2022,dburnageq@vkontakte.ru,4647 Hansons Park,27
Edyth Kington,Female,533-493-3819,ekingtonr@reverbnation.com,9663 Armistice Crossing,28
Genna Shakespear,Female,583-233-3065,gshakespears@reference.com,61 Annamark Road,29
Cecily Haxby,Female,846-705-3408,chaxbyt@fc2.com,65 Tomscot Center,30
Isa Satch,Male,104-468-4185,isatchu@list-manage.com,3433 Memorial Point,31
Kermit Dykas,Male,892-892-4294,kdykasv@phpbb.com,690 Hayes Street,32
Maria Bulger,Female,302-294-4535,mbulgerw@webmd.com,6 Pond Way,33
Isa Vyse,Female,981-291-5026,ivysex@liveinternet.ru,60280 Calypso Circle,34
Camey Woodlands,Male,885-238-9677,cwoodlandsy@prlog.org,0415 Commercial Hill,35
Grace Oxenbury,Female,242-734-7773,goxenburyz@wikispaces.com,14 Melody Terrace,36
Opal Palethorpe,Female,715-454-4348,opalethorpe10@about.com,61346 Fordem Avenue,37
Jone Worsalls,Male,819-799-8029,jworsalls11@bluehost.com,3357 Prentice Way,38
Claresta Ruprechter,Female,652-143-2719,cruprechter12@utexas.edu,4906 Maple Wood Drive,39
Lindy Maulkin,Female,730-178-5689,lmaulkin13@digg.com,081 Buena Vista Avenue,40
Ludovika Minithorpe,Female,909-196-1540,lminithorpe14@cloudflare.com,29 High Crossing Crossing,41
Jerrome Huddy,Male,729-114-8772,jhuddy15@kickstarter.com,924 Corry Court,42
Dermot Temporal,Male,511-466-3109,dtemporal16@mac.com,6 3rd Way,43
Cristen Proschke,Female,930-289-7942,cproschke17@netscape.com,8 8th Pass,44
Irvine Tinto,Male,221-264-7637,itinto18@patch.com,48413 Barnett Way,45
Paxon Minards,Male,297-359-3152,pminards19@nature.com,983 Homewood Center,46
Reece Courtois,Male,538-385-8246,rcourtois1a@wisc.edu,46864 Lunder Road,47
Laryssa Sarah,Female,344-920-9338,lsarah1b@flickr.com,16822 Stuart Plaza,48
Godwin Sinnie,Male,413-256-4210,gsinnie1c@ifeng.com,864 Crest Line Pass,49
Arnold Aers,Male,223-810-0248,aaers1d@quantcast.com,79 Mendota Circle,50
Rivkah Rissom,Female,445-509-1464,rrissom1e@ycombinator.com,1969 Thierer Drive,51
Rosy Spaughton,Female,343-835-8383,rspaughton1f@geocities.com,7 Loomis Alley,52
Hyatt Di Matteo,Male,935-119-5083,hdi1g@google.cn,8663 Muir Place,53
Jeana Coupland,Female,567-319-3421,jcoupland1h@redcross.org,689 Delaware Pass,54
Aurea Golley,Female,817-747-9998,agolley1i@digg.com,75849 Sage Parkway,55
Sena Lysons,Female,281-911-2907,slysons1j@bloglovin.com,3 2nd Plaza,56
Skell Montilla,Male,784-207-6093,smontilla1k@blinklist.com,9096 Monterey Park,57
Felizio Peyro,Male,919-264-9538,fpeyro1l@netlog.com,1 Goodland Crossing,58
Jae Gorusso,Male,987-527-3968,jgorusso1m@linkedin.com,00 Montana Pass,59
Nertie Cantu,Female,710-253-5145,ncantu1n@odnoklassniki.ru,44344 Becker Parkway,60
Egon Jurs,Male,810-329-2364,ejurs1o@who.int,1 Waywood Road,61
Petrina Loving,Female,833-509-3447,ploving1p@ow.ly,4949 Oneill Lane,62
Nani Kincaid,Female,421-483-7921,nkincaid1q@smugmug.com,1 Mosinee Road,63
Minne Basire,Female,637-632-3950,mbasire1r@umn.edu,502 Crest Line Junction,64
Davon Mignot,Male,657-274-9279,dmignot1s@salon.com,4108 Johnson Hill,65
Lorraine Robak,Female,905-117-9629,lrobak1t@apache.org,7 Schurz Place,66
Rebeka Stanhope,Female,808-891-1631,rstanhope1u@lycos.com,7603 Crowley Parkway,67
Addie Lohan,Female,957-281-9310,alohan1v@europa.eu,6067 Messerschmidt Center,68
Ardis Teece,Female,407-598-1544,ateece1w@mysql.com,0740 Mitchell Parkway,69
Yul Joddens,Male,775-176-3563,yjoddens1x@answers.com,712 Farwell Center,70
Uriel Nardoni,Male,691-867-0490,unardoni1y@narod.ru,0035 Gateway Way,71
Lisa Salvatore,Female,967-706-2127,lsalvatore1z@t-online.de,1067 Shasta Point,72
Angel Crisell,Female,293-232-4100,acrisell20@facebook.com,789 Service Way,73
Romeo O'Deoran,Male,458-361-7782,rodeoran21@people.com.cn,08 Leroy Street,74
Celestyn Shotter,Female,981-615-9042,cshotter22@nydailynews.com,30 Becker Parkway,75
Mohandas Yosifov,Male,843-900-8063,myosifov23@cpanel.net,94 Walton Way,76
Shanta Hancock,Female,209-821-8894,shancock24@dion.ne.jp,198 Anniversary Junction,77
Martelle Kneesha,Female,130-224-7288,mkneesha25@bandcamp.com,816 Kim Hill,78
Jay Critch,Male,522-121-6611,jcritch26@senate.gov,324 Merchant Junction,79
Vladimir Ruffell,Male,576-442-5423,vruffell27@hp.com,24521 David Avenue,80
Kennan Patience,Male,786-629-3937,kpatience28@utexas.edu,0138 Petterle Parkway,81
Zack Ionnidis,Male,768-142-0616,zionnidis29@drupal.org,9755 Ryan Point,82
Rorke Isakov,Male,624-880-1555,risakov2a@xinhuanet.com,97787 Kedzie Parkway,83
Ike Hatto,Male,275-950-8613,ihatto2b@oakley.com,6590 Florence Junction,84
Hershel Marchelli,Male,479-777-0079,hmarchelli2c@bravesites.com,35767 Loftsgordon Alley,85
Janos Seyfart,Male,992-249-7573,jseyfart2d@ucoz.com,71536 Village Way,86
Brenda Avann,Female,875-340-5559,bavann2e@mapquest.com,1636 Haas Avenue,87
Sarajane Killiner,Female,648-831-7068,skilliner2f@whitehouse.gov,36083 Browning Park,88
Zaria McGeoch,Female,683-760-5906,zmcgeoch2g@canalblog.com,1219 Toban Pass,89
Iain Lunbech,Male,897-178-2979,ilunbech2h@cloudflare.com,5116 Sundown Alley,90
Wilhelm Belfit,Male,683-611-9967,wbelfit2i@lycos.com,22937 Hagan Trail,91
Ev Grenville,Male,954-956-3690,egrenville2j@etsy.com,07 Hanson Pass,92
Ellery Gunter,Male,574-505-1183,egunter2k@booking.com,965 Pennsylvania Lane,93
Lyssa Menco,Female,705-368-7419,lmenco2l@opensource.org,73 Elka Lane,94
Kynthia Oselton,Female,488-495-7845,koselton2m@technorati.com,151 Sommers Parkway,95
Paulita Kroch,Female,752-494-7378,pkroch2n@squidoo.com,9 Almo Terrace,96
Joana Kenninghan,Female,936-367-4982,jkenninghan2o@amazon.com,85730 Manley Pass,97
Cornelius Wooffinden,Male,964-783-0088,cwooffinden2p@naver.com,946 Granby Place,98
Lon Blackman,Male,722-546-8980,lblackman2q@jugem.jp,529 Ludington Street,99
Avie Jealous,Female,838-439-8926,ajealous2r@sfgate.com,8285 Sunfield Center,100
